"vehicle_type","avg"
"eBike","15.580588552915767"
"Bike","15.533078706861273"
"Auto","6.238088783463232"
"Prime Sedan","15.764939167842979"
"Prime SUV","15.274513817809622"
"Prime Plus","15.44747399197661"
"Mini","15.510101704233096"
