"vehicle_type","avg_customer_rating"
"Prime Plus","4.0578512396694215"
"Prime SUV","4.0558025789239662"
"Prime Sedan","4.0508583004584711"
"Auto","4.0494163848587324"
"Mini","4.0489154493138557"
"Bike","4.0411648784760236"
"eBike","4.0345315904139434"
